rule_id,match_book,match_chapter,match_opening_regex,failure_class,transform_type,replacement,rationale,sources,locale
gt_001,matthew,24,^\W*As\W+were\W+the\W+days,speaker_attribute,replace_opening,JESUS said to his disciples,Ground truth from manual_edit_review.csv: Advent/Sunday,lectionary_ground_truth,en
gt_002,luke,21,^\W*And\W+there\W+will\W+be,speaker_attribute,replace_opening,JESUS said to his disciples,Ground truth from manual_edit_review.csv: Advent/Sunday,lectionary_ground_truth,en
gt_003,isaiah,11,^\W*There\W+shall\W+come\W+forth,temporal_prefix,replace_opening,"ON that day, a shoot shall sprout from the stump of Jesse",Ground truth from manual_edit_review.csv: Advent/Sunday,lectionary_ground_truth,en
gt_004,matthew,1,^\W*Now\W+the\W+birth\W+of,paraphrase,replace_opening,NOW this is how the birth of Jesus Christ came about,Ground truth from manual_edit_review.csv: Christmas/Christmas Vigil,lectionary_ground_truth,en
gt_005,luke,2,^\W*When\W+the\W+angels\W+went,temporal_prefix,replace_opening,WHEN the angels went away from them to heaven,Ground truth from manual_edit_review.csv: Christmas/Christmas Dawn,lectionary_ground_truth,en
gt_006,matthew,2,^\W*Now\W+when\W+they\W+had,temporal_prefix,replace_opening,"WHEN the magi had departed, behold",Ground truth from manual_edit_review.csv: Christmas/Sunday,lectionary_ground_truth,en
gt_007,luke,2,^\W*And\W+when\W+the\W+time,temporal_prefix,replace_opening,WHEN the days were completed for their purification,Ground truth from manual_edit_review.csv: Christmas/Sunday,lectionary_ground_truth,en
gt_008,luke,2,^\W*And\W+when\W+the\W+time,temporal_prefix,replace_opening,WHEN the days were completed for their purification,Ground truth from manual_edit_review.csv: Christmas/Sunday,lectionary_ground_truth,en
gt_009,matthew,6,^\W*Beware\W+of\W+practicing\W+your,speaker_attribute,replace_opening,JESUS said to his disciples,Ground truth from manual_edit_review.csv: Lent/Ash Wednesday,lectionary_ground_truth,en
gt_010,matthew,4,^\W*Then\W+Jesus\W+was\W+led,temporal_prefix,replace_opening,AT that time Jesus was led by the Spirit into the desert,Ground truth from manual_edit_review.csv: Lent/Sunday,lectionary_ground_truth,en
gt_011,genesis,9,^\W*Then\W+God\W+said\W+to,speaker_attribute,replace_opening,GOD said to Noah and to his sons with him,Ground truth from manual_edit_review.csv: Lent/Sunday,lectionary_ground_truth,en
gt_012,deuteronomy,26,^\W*Then\W+the\W+priest\W+shall,speaker_attribute,replace_opening,"MOSES spoke to the people, saying",Ground truth from manual_edit_review.csv: Lent/Sunday,lectionary_ground_truth,en
gt_013,john,3,^\W*And\W+as\W+Moses\W+lifted,speaker_attribute,replace_opening,JESUS said to Nicodemus,Ground truth from manual_edit_review.csv: Lent/Sunday,lectionary_ground_truth,en
gt_014,john,11,^\W*Now\W+a\W+certain\W+man,paraphrase,replace_opening,"NOW a man was ill, Lazarus from Bethany",Ground truth from manual_edit_review.csv: Lent/Sunday,lectionary_ground_truth,en
gt_015,luke,22,^\W*And\W+when\W+the\W+hour,temporal_prefix,replace_opening,WHEN the hour came,Ground truth from manual_edit_review.csv: Holy Week/Palm Sunday,lectionary_ground_truth,en
gt_016,john,13,^\W*Now\W+before\W+the\W+feast,temporal_prefix,replace_opening,"BEFORE the feast of Passover, Jesus knew that his hour had come",Ground truth from manual_edit_review.csv: Holy Week/Holy Thursday,lectionary_ground_truth,en
gt_017,john,20,^\W*Now\W+on\W+the\W+first,temporal_prefix,replace_opening,WHEN the sabbath was over,Ground truth from manual_edit_review.csv: Easter/Easter Vigil,lectionary_ground_truth,en
gt_018,acts,2,^\W*And\W+they\W+devoted\W+themselves,pronoun_resolve,replace_opening,THEY devoted themselves,Ground truth from manual_edit_review.csv: Easter/Sunday,lectionary_ground_truth,en
gt_019,acts,2,^\W*But\W+Peter\W+standing\W+with,temporal_prefix,replace_opening,THEN Peter stood up with the Eleven,Ground truth from manual_edit_review.csv: Easter/Sunday,lectionary_ground_truth,en
gt_020,acts,3,^\W*The\W+God\W+of\W+Abraham,speaker_attribute,replace_opening,PETER said to the people,Ground truth from manual_edit_review.csv: Easter/Sunday,lectionary_ground_truth,en
gt_021,acts,5,^\W*And\W+when\W+they\W+had,temporal_prefix,replace_opening,WHEN the captain and the court officers had brought the apostles in,Ground truth from manual_edit_review.csv: Easter/Sunday,lectionary_ground_truth,en
gt_022,john,21,^\W*After\W+this\W+Jesus\W+revealed,temporal_prefix,replace_opening,"AT that time, Jesus revealed himself again to his disciples at",Ground truth from manual_edit_review.csv: Easter/Sunday,lectionary_ground_truth,en
gt_023,acts,2,^\W*But\W+Peter\W+standing\W+with,temporal_prefix,replace_opening,THEN Peter stood up with the Eleven,Ground truth from manual_edit_review.csv: Easter/Sunday,lectionary_ground_truth,en
gt_024,john,10,^\W*Truly\W+truly\W+I\W+say,speaker_attribute,replace_opening,JESUS said,Ground truth from manual_edit_review.csv: Easter/Sunday,lectionary_ground_truth,en
gt_025,john,10,^\W*I\W+am\W+the\W+good,speaker_attribute,replace_opening,JESUS said,Ground truth from manual_edit_review.csv: Easter/Sunday,lectionary_ground_truth,en
gt_026,john,10,^\W*My\W+sheep\W+hear\W+my,speaker_attribute,replace_opening,JESUS said,Ground truth from manual_edit_review.csv: Easter/Sunday,lectionary_ground_truth,en
gt_027,john,14,^\W*Let\W+not\W+your\W+hearts,speaker_attribute,replace_opening,JESUS said to his disciples,Ground truth from manual_edit_review.csv: Easter/Sunday,lectionary_ground_truth,en
gt_028,john,15,^\W*I\W+am\W+the\W+true,speaker_attribute,replace_opening,JESUS said to his disciples,Ground truth from manual_edit_review.csv: Easter/Sunday,lectionary_ground_truth,en
gt_029,revelation,21,^\W*Then\W+I\W+saw\W+a,temporal_prefix,replace_opening,"THEN I, John, saw a new heaven and a new earth",Ground truth from manual_edit_review.csv: Easter/Sunday,lectionary_ground_truth,en
gt_030,john,14,^\W*If\W+you\W+love\W+me,speaker_attribute,replace_opening,JESUS said to his disciples,Ground truth from manual_edit_review.csv: Easter/Sunday,lectionary_ground_truth,en
gt_031,john,15,^\W*As\W+the\W+Father\W+has,speaker_attribute,replace_opening,JESUS said to his disciples,Ground truth from manual_edit_review.csv: Easter/Sunday,lectionary_ground_truth,en
gt_032,john,14,^\W*Jesus\W+answered\W+him\W+If,speaker_attribute,replace_opening,JESUS said to his disciples,Ground truth from manual_edit_review.csv: Easter/Sunday,lectionary_ground_truth,en
gt_033,deuteronomy,18,^\W*The\W+LORD\W+your\W+God,speaker_attribute,replace_opening,"MOSES spoke to all the people, saying",Ground truth from manual_edit_review.csv: Ordinary Time/Sunday,lectionary_ground_truth,en
gt_034,mark,1,^\W*And\W+they\W+went\W+into,temporal_prefix,replace_opening,THEN they came to Capernaum,Ground truth from manual_edit_review.csv: Ordinary Time/Sunday,lectionary_ground_truth,en
gt_035,matthew,5,^\W*You\W+are\W+the\W+salt,speaker_attribute,replace_opening,JESUS said to his disciples,Ground truth from manual_edit_review.csv: Ordinary Time/Sunday,lectionary_ground_truth,en
gt_036,job,7,^\W*Has\W+not\W+man\W+a,speaker_attribute,replace_opening,"JOB spoke, saying",Ground truth from manual_edit_review.csv: Ordinary Time/Sunday,lectionary_ground_truth,en
gt_037,luke,5,^\W*While\W+the\W+people\W+pressed,temporal_prefix,replace_opening,WHILE the crowd was pressing in on Jesus and listening,Ground truth from manual_edit_review.csv: Ordinary Time/Sunday,lectionary_ground_truth,en
gt_038,matthew,5,^\W*Think\W+not\W+that\W+I,speaker_attribute,replace_opening,JESUS said to his disciples,Ground truth from manual_edit_review.csv: Ordinary Time/Sunday,lectionary_ground_truth,en
gt_039,matthew,5,^\W*You\W+have\W+heard\W+that,speaker_attribute,replace_opening,JESUS said to his disciples,Ground truth from manual_edit_review.csv: Ordinary Time/Sunday,lectionary_ground_truth,en
gt_040,luke,6,^\W*But\W+I\W+say\W+to,speaker_attribute,replace_opening,JESUS said to his disciples,Ground truth from manual_edit_review.csv: Ordinary Time/Sunday,lectionary_ground_truth,en
gt_041,isaiah,49,^\W*But\W+Zion\W+said\W+The,speaker_attribute,replace_opening,"ZION said, “The Lord has forsaken me",Ground truth from manual_edit_review.csv: Ordinary Time/Sunday,lectionary_ground_truth,en
gt_042,matthew,6,^\W*No\W+one\W+can\W+serve,speaker_attribute,replace_opening,JESUS said to his disciples,Ground truth from manual_edit_review.csv: Ordinary Time/Sunday,lectionary_ground_truth,en
gt_043,sirach,27,^\W*When\W+a\W+sieve\W+is,temporal_prefix,replace_opening,"WHEN a sieve is shaken, the husks appear",Ground truth from manual_edit_review.csv: Ordinary Time/Sunday,lectionary_ground_truth,en
gt_044,matthew,7,^\W*Not\W+every\W+one\W+who,speaker_attribute,replace_opening,JESUS said to his disciples,Ground truth from manual_edit_review.csv: Ordinary Time/Sunday,lectionary_ground_truth,en
gt_045,genesis,3,^\W*But\W+the\W+LORD\W+God,temporal_prefix,replace_opening,"AFTER the man, Adam, had eaten of the tree",Ground truth from manual_edit_review.csv: Ordinary Time/Sunday,lectionary_ground_truth,en
gt_046,mark,4,^\W*And\W+he\W+said\W+The,speaker_attribute,replace_opening,JESUS said to the crowds,Ground truth from manual_edit_review.csv: Ordinary Time/Sunday,lectionary_ground_truth,en
gt_048,jeremiah,20,^\W*For\W+I\W+hear\W+many,speaker_attribute,replace_opening,JEREMIAH said,Ground truth from manual_edit_review.csv: Ordinary Time/Sunday,lectionary_ground_truth,en
gt_049,matthew,10,^\W*So\W+have\W+no\W+fear,speaker_attribute,replace_opening,JESUS said to the Twelve,Ground truth from manual_edit_review.csv: Ordinary Time/Sunday,lectionary_ground_truth,en
gt_050,mark,4,^\W*On\W+that\W+day\W+when,temporal_prefix,replace_opening,"ON that day, as evening drew on, Jesus said to his disciples",Ground truth from manual_edit_review.csv: Ordinary Time/Sunday,lectionary_ground_truth,en
gt_051,matthew,10,^\W*He\W+who\W+loves\W+father,speaker_attribute,replace_opening,JESUS said to his apostles,Ground truth from manual_edit_review.csv: Ordinary Time/Sunday,lectionary_ground_truth,en
gt_052,luke,9,^\W*When\W+the\W+days\W+drew,temporal_prefix,replace_opening,WHEN the days for Jesus' being taken up were fulfilled,Ground truth from manual_edit_review.csv: Ordinary Time/Sunday,lectionary_ground_truth,en
gt_053,matthew,11,^\W*At\W+that\W+time\W+Jesus,temporal_prefix,replace_opening,AT that time Jesus exclaimed,Ground truth from manual_edit_review.csv: Ordinary Time/Sunday,lectionary_ground_truth,en
gt_054,luke,10,^\W*After\W+this\W+the\W+Lord,temporal_prefix,replace_opening,AT that time the Lord appointed seventy-two others,Ground truth from manual_edit_review.csv: Ordinary Time/Sunday,lectionary_ground_truth,en
gt_055,matthew,13,^\W*That\W+same\W+day\W+Jesus,temporal_prefix,replace_opening,"ON that day, Jesus went out of the house and sat down by the sea",Ground truth from manual_edit_review.csv: Ordinary Time/Sunday,lectionary_ground_truth,en
gt_056,deuteronomy,30,^\W*if\W+you\W+obey\W+the,speaker_attribute,replace_opening,MOSES said to the people,Ground truth from manual_edit_review.csv: Ordinary Time/Sunday,lectionary_ground_truth,en
gt_057,john,6,^\W*So\W+when\W+the\W+people,temporal_prefix,replace_opening,WHEN the crowd saw that neither Jesus nor his disciples were there,Ground truth from manual_edit_review.csv: Ordinary Time/Sunday,lectionary_ground_truth,en
gt_058,luke,12,^\W*Fear\W+not\W+little\W+flock,speaker_attribute,replace_opening,JESUS said to his disciples,Ground truth from manual_edit_review.csv: Ordinary Time/Sunday,lectionary_ground_truth,en
gt_059,matthew,15,^\W*And\W+Jesus\W+went\W+away,temporal_prefix,replace_opening,"AT that time, Jesus withdrew to the region of Tyre and Sidon",Ground truth from manual_edit_review.csv: Ordinary Time/Sunday,lectionary_ground_truth,en
gt_060,john,6,^\W*I\W+am\W+the\W+living,speaker_attribute,replace_opening,JESUS said to the crowds,Ground truth from manual_edit_review.csv: Ordinary Time/Sunday,lectionary_ground_truth,en
gt_061,john,12,^\W*For\W+I\W+have\W+not,speaker_attribute,replace_opening,JESUS said to his disciples,Ground truth from manual_edit_review.csv: Ordinary Time/Sunday,lectionary_ground_truth,en
gt_062,jeremiah,20,^\W*O\W+LORD\W+thou\W+hast,pronoun_resolve,replace_opening,"YOU duped me, O LORD, and I let myself be duped",Ground truth from manual_edit_review.csv: Ordinary Time/Sunday,lectionary_ground_truth,en
gt_063,deuteronomy,4,^\W*And\W+now\W+O\W+Israel,speaker_attribute,replace_opening,MOSES said to the people,Ground truth from manual_edit_review.csv: Ordinary Time/Sunday,lectionary_ground_truth,en
gt_064,mark,7,^\W*Now\W+when\W+the\W+Pharisees,temporal_prefix,replace_opening,WHEN the Pharisees with some scribes who had come from Jerusalem,Ground truth from manual_edit_review.csv: Ordinary Time/Sunday,lectionary_ground_truth,en
gt_065,matthew,18,^\W*If\W+your\W+brother\W+sins,speaker_attribute,replace_opening,JESUS said to his disciples,Ground truth from manual_edit_review.csv: Ordinary Time/Sunday,lectionary_ground_truth,en
gt_066,luke,16,^\W*He\W+also\W+said\W+to,speaker_attribute,replace_opening,JESUS said to his disciples,Ground truth from manual_edit_review.csv: Ordinary Time/Sunday,lectionary_ground_truth,en
gt_067,matthew,21,^\W*What\W+do\W+you\W+think,speaker_attribute,replace_opening,JESUS said to the chief priests and elders of the people,Ground truth from manual_edit_review.csv: Ordinary Time/Sunday,lectionary_ground_truth,en
gt_068,mark,9,^\W*John\W+said\W+to\W+him,temporal_prefix,replace_opening,"AT that time, John said to Jesus",Ground truth from manual_edit_review.csv: Ordinary Time/Sunday,lectionary_ground_truth,en
gt_069,1 timothy,6,^\W*But\W+as\W+for\W+you,paraphrase,replace_opening,"BUT you, man of God, pursue righteousness",Ground truth from manual_edit_review.csv: Ordinary Time/Sunday,lectionary_ground_truth,en
gt_070,luke,16,^\W*There\W+was\W+a\W+rich,speaker_attribute,replace_opening,JESUS said to the Pharisees,Ground truth from manual_edit_review.csv: Ordinary Time/Sunday,lectionary_ground_truth,en
gt_071,matthew,21,^\W*Hear\W+another\W+parable\W+There,speaker_attribute,replace_opening,JESUS said to the chief priests and the elders of the people,Ground truth from manual_edit_review.csv: Ordinary Time/Sunday,lectionary_ground_truth,en
gt_072,matthew,22,^\W*But\W+when\W+the\W+Pharisees,temporal_prefix,replace_opening,WHEN the Pharisees heard that Jesus had silenced the Sadducees,Ground truth from manual_edit_review.csv: Ordinary Time/Sunday,lectionary_ground_truth,en
gt_073,matthew,23,^\W*Then\W+said\W+Jesus\W+to,speaker_attribute,replace_opening,"JESUS spoke to the crowds and to his disciples, saying",Ground truth from manual_edit_review.csv: Ordinary Time/Sunday,lectionary_ground_truth,en
gt_074,deuteronomy,6,^\W*that\W+you\W+may\W+fear,speaker_attribute,replace_opening,"MOSES spoke to the people, saying",Ground truth from manual_edit_review.csv: Ordinary Time/Sunday,lectionary_ground_truth,en
gt_075,wisdom,11,^\W*Because\W+the\W+whole\W+world,temporal_prefix,replace_opening,BEFORE the LORD the whole universe is as a grain from a balance,Ground truth from manual_edit_review.csv: Ordinary Time/Sunday,lectionary_ground_truth,en
gt_076,luke,19,^\W*He\W+entered\W+Jericho\W+and,temporal_prefix,replace_opening,"AT that time, Jesus came to Jericho and intended to pass through the town",Ground truth from manual_edit_review.csv: Ordinary Time/Sunday,lectionary_ground_truth,en
gt_077,mark,13,^\W*But\W+in\W+those\W+days,speaker_attribute,replace_opening,JESUS said to his disciples,Ground truth from manual_edit_review.csv: Ordinary Time/Sunday,lectionary_ground_truth,en
gt_078,luke,9,^\W*When\W+the\W+crowds\W+learned,speaker_attribute,replace_opening,JESUS spoke to the crowds about the kingdom of God,Ground truth from manual_edit_review.csv: Solemnities/Body and Blood of Christ,lectionary_ground_truth,en
gt_079,matthew,11,^\W*At\W+that\W+time\W+Jesus,temporal_prefix,replace_opening,AT that time Jesus exclaimed,Ground truth from manual_edit_review.csv: Solemnities/Sacred Heart,lectionary_ground_truth,en
gt_080,luke,1,^\W*Now\W+the\W+time\W+came,temporal_prefix,replace_opening,WHEN the time arrived for Elizabeth to have her child,Ground truth from manual_edit_review.csv: Solemnities/Nativity of John the Baptist,lectionary_ground_truth,en
gt_081,matthew,5,^\W*Seeing\W+the\W+crowds\W+he,speaker_attribute,replace_opening,JESUS said to Nicodemus,Ground truth from manual_edit_review.csv: Solemnities/Exaltation of the Holy Cross,lectionary_ground_truth,en
